<?xml version="1.0" encoding="UTF-8"?>
<project-private xmlns="http://www.netbeans.org/ns/project-private/1">
    <editor-bookmarks xmlns="http://www.netbeans.org/ns/editor-bookmarks/2" lastBookmarkId="0"/>
    <open-files xmlns="http://www.netbeans.org/ns/projectui-open-files/2">
        <group>
            <file>file:/var/www/html/tictactoe/application/views/pages/game_mode.php</file>
            <file>file:/var/www/html/tictactoe/application/views/pages/home.php</file>
            <file>file:/var/www/html/tictactoe/old/index.php</file>
            <file>file:/var/www/html/tictactoe/application/views/templates/header.php</file>
            <file>file:/var/www/html/tictactoe/application/views/templates/head.php</file>
        </group>
    </open-files>
</project-private>
